{
  "properties": {
    "connectionReferences": {
      "shared_commondataserviceforapps": {
        "impersonation": {},
        "runtimeSource": "embedded",
        "connection": {},
        "api": {
          "name": "shared_commondataserviceforapps"
        }
      },
      "shared_office365": {
        "runtimeSource": "embedded",
        "connection": {},
        "api": {
          "name": "shared_office365"
        }
      }
    },
    "definition": {
      "$schema": "https://schema.management.azure.com/providers/Microsoft.Logic/schemas/2016-06-01/workflowdefinition.json#",
      "contentVersion": "1.0.0.0",
      "parameters": {
        "$connections": {
          "defaultValue": {},
          "type": "Object"
        },
        "$authentication": {
          "defaultValue": {},
          "type": "SecureObject"
        }
      },
      "triggers": {
        "When_a_row_is_added,_modified_or_deleted": {
          "metadata": {
            "operationMetadataId": "7bfb960f-4c2f-4c08-97b5-199d62360676"
          },
          "type": "OpenApiConnectionWebhook",
          "inputs": {
            "host": {
              "apiId": "/providers/Microsoft.PowerApps/apis/shared_commondataserviceforapps",
              "connectionName": "shared_commondataserviceforapps",
              "operationId": "SubscribeWebhookTrigger"
            },
            "parameters": {
              "subscriptionRequest/message": 3,
              "subscriptionRequest/entityname": "contact",
              "subscriptionRequest/scope": 4
            },
            "authentication": "@parameters('$authentication')"
          }
        }
      },
      "actions": {
        "Condition": {
          "actions": {
            "Send_an_email_(V2)_2": {
              "runAfter": {},
              "metadata": {
                "operationMetadataId": "625e4eca-91e8-4636-8f3c-20a91baf2d78"
              },
              "type": "OpenApiConnection",
              "inputs": {
                "host": {
                  "apiId": "/providers/Microsoft.PowerApps/apis/shared_office365",
                  "connectionName": "shared_office365",
                  "operationId": "SendEmailV2"
                },
                "parameters": {
                  "emailMessage/To": "@triggerOutputs()?['body/emailaddress1']",
                  "emailMessage/Subject": "Approved Parking Space ",
                  "emailMessage/Body": "<p>Hello,<br>\n<br>\nYou have been approved&nbsp;for space @{triggerOutputs()?['body/_pft8_contactsspace_value']}. Please only park in your assigned space and contact the Parking Management Team if you no longer need this space. Thank you - Management Parking Team</p>",
                  "emailMessage/Cc": "LiL@GOV000562.onmicrosoft.com;KathrynS@GOV000562.onmicrosoft.com;IvanA@GOV000562.onmicrosoft.com;DebbiL@GOV000562.onmicrosoft.com;JamieR@GOV000562.onmicrosoft.com",
                  "emailMessage/Importance": "Normal"
                },
                "authentication": "@parameters('$authentication')"
              }
            }
          },
          "runAfter": {},
          "expression": {
            "equals": [
              "@triggerOutputs()?['body/statuscode']",
              707080001
            ]
          },
          "metadata": {
            "operationMetadataId": "5da1606c-bacb-422e-87ec-22c8d6d98452"
          },
          "type": "If"
        }
      },
      "outputs": {}
    },
    "templateName": null
  },
  "schemaVersion": "1.0.0.0"
}