{
  "properties": {
    "connectionReferences": {
      "shared_commondataserviceforapps": {
        "runtimeSource": "embedded",
        "connection": {
          "connectionReferenceLogicalName": "pft8_sharedcommondataserviceforapps_d21b2"
        },
        "api": {
          "name": "shared_commondataserviceforapps"
        }
      },
      "shared_office365": {
        "runtimeSource": "embedded",
        "connection": {
          "connectionReferenceLogicalName": "pft8_sharedoffice365_4afec"
        },
        "api": {
          "name": "shared_office365"
        }
      }
    },
    "definition": {
      "$schema": "https://schema.management.azure.com/providers/Microsoft.Logic/schemas/2016-06-01/workflowdefinition.json#",
      "contentVersion": "1.0.0.0",
      "parameters": {
        "$connections": {
          "defaultValue": {},
          "type": "Object"
        },
        "$authentication": {
          "defaultValue": {},
          "type": "SecureObject"
        }
      },
      "triggers": {
        "When_a_row_is_added,_modified_or_deleted": {
          "metadata": {
            "operationMetadataId": "bd0ffc6f-9530-477c-ae64-efcec3b2f012"
          },
          "type": "OpenApiConnectionWebhook",
          "inputs": {
            "host": {
              "connectionName": "shared_commondataserviceforapps",
              "operationId": "SubscribeWebhookTrigger",
              "apiId": "/providers/Microsoft.PowerApps/apis/shared_commondataserviceforapps"
            },
            "parameters": {
              "subscriptionRequest/message": 1,
              "subscriptionRequest/entityname": "pft8_season",
              "subscriptionRequest/scope": 4
            },
            "authentication": "@parameters('$authentication')"
          }
        }
      },
      "actions": {
        "Send_an_email_(V2)": {
          "runAfter": {},
          "metadata": {
            "operationMetadataId": "9ac31995-4ee5-4d23-af0f-74d4646f5e47"
          },
          "type": "OpenApiConnection",
          "inputs": {
            "host": {
              "connectionName": "shared_office365",
              "operationId": "SendEmailV2",
              "apiId": "/providers/Microsoft.PowerApps/apis/shared_office365"
            },
            "parameters": {
              "emailMessage/To": "DebbiL@GOV000562.onmicrosoft.com;LiL@GOV000562.onmicrosoft.com;IvanA@GOV000562.onmicrosoft.com;KathrynS@GOV000562.onmicrosoft.com;JamieR@GOV000562.onmicrosoft.com;JamieWRTeam@GOV000562.onmicrosoft.com;DanielM@GOV000562.onmicrosoft.com",
              "emailMessage/Subject": "Open Season Parking ",
              "emailMessage/Body": "<p>Hello,<br>\n<br>\nPlease register for Open Season Parking at the link below:<br>\n<a href=\"https://apps.gov.powerapps.us/play/5ca936f1-83ae-4669-b473-f0c019ee4c9b?tenantId=ffeb3592-8979-4ec2-bd11-3f31f81c4134\">Parking Application</a><br>\n<br>\n<br>\nThank you - Parking Team<br>\n&nbsp;</p>",
              "emailMessage/Importance": "Normal"
            },
            "authentication": "@parameters('$authentication')"
          }
        }
      },
      "outputs": {}
    },
    "templateName": null
  },
  "schemaVersion": "1.0.0.0"
}